ID,pred
8010,0.586
8011,0.7
8012,0.408
8013,0.542
8014,0.312
8015,0.424
8016,0.5
8017,0.508
8018,0.414
8019,0.512
8020,0.71
8021,0.57
8022,0.42
8023,0.478
8024,0.602
8025,0.692
8026,0.572
8027,0.624
8028,0.496
8029,0.556
8030,0.554
8031,0.466
8032,0.554
8033,0.408
8034,0.7
8035,0.628
8036,0.568
8037,0.574
8038,0.48
8039,0.308
8040,0.562
8041,0.53
8042,0.448
8043,0.448
8044,0.642
8045,0.538
8046,0.392
8047,0.378
8048,0.512
8049,0.514
8050,0.892
8051,0.386
8052,0.424
8053,0.426
8054,0.566
8055,0.464
8056,0.318
8057,0.566
8058,0.416
8059,0.558
8060,0.404
8061,0.5
8062,0.466
8063,0.482
8064,0.258
8065,0.296
8066,0.652
8067,0.444
8068,0.528
8069,0.474
8070,0.568
8071,0.452
8072,0.5
8073,0.636
8074,0.358
8075,0.39
8076,0.416
8077,0.39
8078,0.316
8079,0.454
8080,0.6
8081,0.548
8082,0.444
8083,0.442
8084,0.426
8085,0.494
8086,0.488
8087,0.578
8088,0.218
8089,0.488
8090,0.45
8091,0.522
8092,0.442
8093,0.4
8094,0.466
8095,0.484
8096,0.516
8097,0.516
8098,0.472
8099,0.552
8100,0.486
8101,0.304
8102,0.364
8103,0.41
8104,0.482
8105,0.396
8106,0.442
8107,0.566
8108,0.408
8109,0.554
8110,0.594
8111,0.376
8112,0.5
8113,0.45
8114,0.598
8115,0.476
8116,0.58
8117,0.426
8118,0.288
8119,0.476
8120,0.42
8121,0.376
8122,0.384
8123,0.414
8124,0.486
8125,0.338
8126,0.464
8127,0.432
8128,0.464
8129,0.522
8130,0.362
8131,0.416
8132,0.514
8133,0.486
8134,0.484
8135,0.378
8136,0.352
8137,0.394
8138,0.348
8139,0.516
8140,0.524
8141,0.35
8142,0.522
8143,0.572
8144,0.388
8145,0.536
8146,0.55
8147,0.564
8148,0.486
8149,0.364
8150,0.462
8151,0.502
8152,0.456
8153,0.478
8154,0.576
8155,0.468
8156,0.472
8157,0.574
8158,0.386
8159,0.57
8160,0.4
8161,0.434
8162,0.504
8163,0.412
8164,0.436
8165,0.338
8166,0.456
8167,0.464
8168,0.426
8169,0.518
8170,0.462
8171,0.36
8172,0.254
8173,0.286
8174,0.282
8175,0.364
8176,0.48
8177,0.326
8178,0.478
8179,0.554
8180,0.502
8181,0.362
8182,0.434
8183,0.282
8184,0.498
8185,0.294
8186,0.422
8187,0.382
8188,0.366
8189,0.384
8190,0.528
8191,0.484
8192,0.426
8193,0.52
8194,0.32
8195,0.544
8196,0.398
8197,0.402
8198,0.29
8199,0.486
8200,0.538
8201,0.376
8202,0.38
8203,0.364
8204,0.572
8205,0.35
8206,0.552
8207,0.302
8208,0.5
8209,0.384
8210,0.42
8211,0.374
8212,0.484
8213,0.314
8214,0.366
8215,0.414
8216,0.398
8217,0.556
8218,0.654
8219,0.388
8220,0.734
8221,0.49
8222,0.424
8223,0.43
8224,0.426
8225,0.44
8226,0.516
8227,0.506
8228,0.246
8229,0.414
8230,0.428
8231,0.5
8232,0.308
8233,0.596
8234,0.32
8235,0.53
8236,0.412
8237,0.436
8238,0.348
8239,0.566
8240,0.568
8241,0.326
8242,0.396
8243,0.474
8244,0.564
8245,0.26
8246,0.188
8247,0.542
8248,0.39
8249,0.376
8250,0.36
8251,0.242
8252,0.374
8253,0.518
8254,0.472
8255,0.43
8256,0.52
8257,0.618
8258,0.568
8259,0.578
8260,0.76
8261,0.358
8262,0.512
8263,0.658
8264,0.442
8265,0.52
8266,0.432
8267,0.616
8268,0.602
8269,0.56
8270,0.532
8271,0.62
8272,0.556
8273,0.552
8274,0.524
8275,0.382
8276,0.428
8277,0.37
8278,0.438
8279,0.512
8280,0.454
8281,0.608
8282,0.43
8283,0.592
8284,0.456
8285,0.388
8286,0.42
8287,0.51
8288,0.464
8289,0.592
8290,0.466
8291,0.494
8292,0.454
8293,0.424
8294,0.578
8295,0.32
8296,0.348
8297,0.478
8298,0.348
8299,0.414
8300,0.48
8301,0.414
8302,0.556
8303,0.548
8304,0.488
8305,0.34
8306,0.478
8307,0.51
8308,0.412
8309,0.63
8310,0.442
8311,0.424
8312,0.298
8313,0.586
8314,0.67
8315,0.452
8316,0.48
8317,0.448
8318,0.574
8319,0.436
8320,0.544
8321,0.396
8322,0.578
8323,0.612
8324,0.69
8325,0.446
8326,0.5
8327,0.478
8328,0.528
8329,0.736
8330,0.594
8331,0.296
8332,0.608
8333,0.506
8334,0.57
8335,0.364
8336,0.484
8337,0.642
8338,0.408
8339,0.464
8340,0.468
8341,0.314
8342,0.512
8343,0.456
8344,0.528
8345,0.264
8346,0.592
8347,0.486
8348,0.328
8349,0.192
8350,0.364
8351,0.406
8352,0.458
8353,0.6
8354,0.324
8355,0.262
8356,0.552
8357,0.542
8358,0.422
8359,0.546
8360,0.534
8361,0.608
8362,0.468
8363,0.404
8364,0.574
8365,0.26
8366,0.532
8367,0.346
8368,0.41
8369,0.43
8370,0.42
8371,0.548
8372,0.484
8373,0.38
8374,0.464
8375,0.408
8376,0.45
8377,0.452
8378,0.344
8379,0.534
8380,0.392
8381,0.484
8382,0.358
8383,0.404
8384,0.444
8385,0.472
8386,0.644
8387,0.534
8388,0.34
8389,0.47
8390,0.374
8391,0.352
8392,0.394
8393,0.56
8394,0.552
8395,0.398
8396,0.278
8397,0.336
8398,0.368
8399,0.626
8400,0.494
8401,0.396
8402,0.448
8403,0.394
8404,0.266
8405,0.328
8406,0.47
8407,0.464
8408,0.536
8409,0.43
8410,0.394
8411,0.56
8412,0.424
8413,0.464
8414,0.394
8415,0.38
8416,0.224
8417,0.354
8418,0.34
8419,0.434
8420,0.318
8421,0.546
8422,0.358
8423,0.544
8424,0.344
8425,0.516
8426,0.388
8427,0.392
8428,0.51
8429,0.268
8430,0.45
8431,0.382
8432,0.48
8433,0.26
8434,0.5
8435,0.272
8436,0.418
8437,0.478
8438,0.546
8439,0.388
8440,0.28
8441,0.344
8442,0.32
8443,0.524
8444,0.532
8445,0.612
8446,0.342
8447,0.426
8448,0.478
8449,0.472
8450,0.728
8451,0.554
8452,0.426
8453,0.454
8454,0.416
8455,0.306
8456,0.328
8457,0.506
8458,0.536
8459,0.374
8460,0.556
8461,0.514
8462,0.444
8463,0.286
8464,0.366
8465,0.572
8466,0.32
8467,0.482
8468,0.392
8469,0.326
8470,0.292
8471,0.402
8472,0.54
8473,0.408
8474,0.468
8475,0.296
8476,0.426
8477,0.468
8478,0.426
8479,0.436
8480,0.578
8481,0.518
8482,0.54
8483,0.456
8484,0.404
8485,0.506
8486,0.59
8487,0.33
8488,0.378
8489,0.454
8490,0.4
8491,0.426
8492,0.402
8493,0.272
8494,0.496
8495,0.552
8496,0.58
8497,0.468
8498,0.436
8499,0.594
8500,0.49
8501,0.434
8502,0.478
8503,0.532
8504,0.5
8505,0.418
8506,0.454
8507,0.35
8508,0.366
8509,0.552
8510,0.446
8511,0.568
8512,0.368
8513,0.49
8514,0.442
8515,0.48
8516,0.458
8517,0.424
8518,0.268
8519,0.456
8520,0.544
8521,0.694
8522,0.51
8523,0.494
8524,0.306
8525,0.434
8526,0.358
8527,0.376
8528,0.534
8529,0.58
8530,0.416
8531,0.48
8532,0.45
8533,0.432
8534,0.438
8535,0.23
8536,0.394
8537,0.4
8538,0.362
8539,0.63
8540,0.422
8541,0.388
8542,0.326
8543,0.55
8544,0.488
8545,0.508
8546,0.462
8547,0.384
8548,0.398
8549,0.414
8550,0.442
8551,0.62
8552,0.486
8553,0.682
8554,0.458
8555,0.578
8556,0.574
8557,0.374
8558,0.484
8559,0.436
8560,0.638
8561,0.722
8562,0.678
8563,0.394
8564,0.354
8565,0.538
8566,0.55
8567,0.486
8568,0.346
8569,0.368
8570,0.3
8571,0.396
8572,0.488
8573,0.466
8574,0.36
8575,0.36
8576,0.424
8577,0.4
8578,0.47
8579,0.456
8580,0.25
8581,0.462
8582,0.39
8583,0.524
8584,0.364
8585,0.444
8586,0.54
8587,0.528
8588,0.518
8589,0.346
8590,0.298
8591,0.408
8592,0.358
8593,0.532
8594,0.416
8595,0.474
8596,0.504
8597,0.412
8598,0.604
8599,0.368
8600,0.32
8601,0.344
8602,0.52
8603,0.526
8604,0.512
8605,0.486
8606,0.528
8607,0.656
8608,0.374
8609,0.482
8610,0.498
8611,0.406
8612,0.634
8613,0.496
8614,0.438
8615,0.57
8616,0.346
8617,0.63
8618,0.592
8619,0.612
8620,0.452
8621,0.46
8622,0.514
8623,0.366
8624,0.586
8625,0.418
8626,0.602
8627,0.424
8628,0.504
8629,0.276
8630,0.468
8631,0.564
8632,0.68
8633,0.586
8634,0.476
8635,0.428
8636,0.57
8637,0.554
8638,0.714
8639,0.726
8640,0.488
8641,0.44
8642,0.542
8643,0.456
8644,0.344
8645,0.476
8646,0.506
8647,0.274
8648,0.43
8649,0.62
8650,0.612
8651,0.582
8652,0.474
8653,0.446
8654,0.556
8655,0.68
8656,0.6
8657,0.542
8658,0.646
8659,0.358
8660,0.476
8661,0.55
8662,0.55
8663,0.59
8664,0.33
8665,0.386
8666,0.436
8667,0.534
8668,0.53
8669,0.432
8670,0.536
8671,0.506
8672,0.48
8673,0.44
8674,0.448
8675,0.344
8676,0.598
8677,0.448
8678,0.502
8679,0.528
8680,0.562
8681,0.306
8682,0.386
8683,0.404
8684,0.494
8685,0.288
8686,0.386
8687,0.34
8688,0.388
8689,0.492
8690,0.432
8691,0.508
8692,0.444
8693,0.528
8694,0.434
8695,0.434
8696,0.416
8697,0.438
8698,0.3
8699,0.542
8700,0.616
8701,0.382
8702,0.636
8703,0.508
8704,0.568
8705,0.446
8706,0.326
8707,0.536
8708,0.582
8709,0.582
8710,0.54
8711,0.404
8712,0.414
8713,0.472
8714,0.458
8715,0.414
8716,0.538
8717,0.506
8718,0.532
8719,0.418
8720,0.464
8721,0.468
8722,0.496
8723,0.334
8724,0.508
8725,0.422
8726,0.198
8727,0.384
8728,0.358
8729,0.37
8730,0.502
8731,0.6
8732,0.632
8733,0.504
8734,0.394
8735,0.358
8736,0.422
8737,0.464
8738,0.494
8739,0.528
8740,0.498
8741,0.466
8742,0.31
8743,0.39
8744,0.434
8745,0.346
8746,0.466
8747,0.458
8748,0.37
8749,0.49
8750,0.432
8751,0.462
8752,0.5
8753,0.49
8754,0.3
8755,0.526
8756,0.458
8757,0.44
8758,0.36
8759,0.386
8760,0.298
8761,0.346
8762,0.574
8763,0.398
8764,0.554
8765,0.43
8766,0.304
8767,0.504
8768,0.536
8769,0.512
8770,0.474
8771,0.482
8772,0.466
8773,0.516
8774,0.498
8775,0.26
8776,0.574
8777,0.264
8778,0.45
8779,0.498
8780,0.522
8781,0.614
8782,0.524
8783,0.502
8784,0.542
8785,0.686
8786,0.43
8787,0.336
8788,0.516
8789,0.428
8790,0.498
8791,0.41
8792,0.462
8793,0.41
8794,0.38
8795,0.554
8796,0.496
8797,0.376
8798,0.468
8799,0.528
8800,0.382
8801,0.358
8802,0.338
8803,0.37
8804,0.298
8805,0.514
8806,0.476
8807,0.594
8808,0.562
8809,0.418
8810,0.356
8811,0.4
8812,0.298
8813,0.544
8814,0.64
8815,0.276
8816,0.412
8817,0.396
8818,0.582
8819,0.52
8820,0.598
8821,0.398
8822,0.558
8823,0.43
8824,0.354
8825,0.554
8826,0.506
8827,0.462
8828,0.496
8829,0.648
8830,0.696
8831,0.628
8832,0.534
8833,0.51
8834,0.386
8835,0.596
8836,0.71
8837,0.624
8838,0.542
8839,0.458
8840,0.518
8841,0.644
8842,0.478
8843,0.324
8844,0.58
8845,0.624
8846,0.276
8847,0.4
8848,0.554
8849,0.564
8850,0.472
8851,0.424
8852,0.322
8853,0.494
8854,0.454
8855,0.388
8856,0.576
8857,0.396
8858,0.532
8859,0.356
8860,0.624
8861,0.268
8862,0.542
8863,0.294
8864,0.478
8865,0.488
8866,0.566
8867,0.6
8868,0.584
8869,0.524
8870,0.58
8871,0.5
8872,0.554
8873,0.638
8874,0.426
8875,0.666
8876,0.752
8877,0.594
8878,0.58
8879,0.556
8880,0.288
8881,0.516
8882,0.422
8883,0.336
8884,0.458
8885,0.342
8886,0.516
8887,0.38
8888,0.566
8889,0.37
8890,0.506
8891,0.548
8892,0.506
8893,0.516
8894,0.526
8895,0.332
8896,0.59
8897,0.332
8898,0.54
8899,0.454
8900,0.358
8901,0.436
8902,0.606
8903,0.502
8904,0.7
8905,0.52
8906,0.546
8907,0.508
8908,0.486
8909,0.418
8910,0.352
8911,0.588
8912,0.472
8913,0.532
8914,0.38
8915,0.546
8916,0.542
8917,0.55
8918,0.334
8919,0.678
8920,0.562
8921,0.344
8922,0.428
8923,0.53
8924,0.234
8925,0.464
8926,0.636
8927,0.476
8928,0.938
8929,0.5
8930,0.496
8931,0.62
8932,0.59
8933,0.27
8934,0.876
8935,0.65
8936,0.562
8937,0.554
8938,0.552
8939,0.712
8940,0.404
8941,0.458
8942,0.364
8943,0.43
8944,0.474
8945,0.5
8946,0.394
8947,0.396
8948,0.306
8949,0.398
8950,0.51
8951,0.438
8952,0.502
8953,0.58
8954,0.318
8955,0.426
8956,0.412
8957,0.38
8958,0.34
8959,0.37
8960,0.448
8961,0.536
8962,0.364
8963,0.452
8964,0.318
8965,0.458
8966,0.278
8967,0.39
8968,0.278
8969,0.36
8970,0.458
8971,0.348
8972,0.546
8973,0.406
8974,0.468
8975,0.428
8976,0.384
8977,0.534
8978,0.404
8979,0.518
8980,0.432
8981,0.592
8982,0.364
8983,0.546
8984,0.476
8985,0.356
8986,0.436
8987,0.428
8988,0.256
8989,0.542
8990,0.332
8991,0.292
8992,0.522
8993,0.512
8994,0.524
8995,0.446
8996,0.458
8997,0.478
8998,0.278
8999,0.442
9000,0.338
9001,0.556
9002,0.424
9003,0.428
9004,0.472
9005,0.344
9006,0.694
9007,0.378
9008,0.54
9009,0.302
9010,0.426
9011,0.422
9012,0.602
9013,0.564
9014,0.686
9015,0.502
9016,0.564
9017,0.548
9018,0.466
9019,0.402
9020,0.588
9021,0.366
9022,0.446
9023,0.408
9024,0.374
9025,0.492
9026,0.398
9027,0.49
9028,0.36
9029,0.426
9030,0.484
9031,0.462
9032,0.5
9033,0.454
9034,0.452
9035,0.436
9036,0.556
9037,0.382
9038,0.462
9039,0.474
9040,0.524
9041,0.472
9042,0.54
9043,0.57
9044,0.482
9045,0.516
9046,0.45
9047,0.414
9048,0.376
9049,0.526
9050,0.54
9051,0.366
9052,0.396
9053,0.51
9054,0.524
9055,0.48
9056,0.534
9057,0.384
9058,0.438
9059,0.46
9060,0.35
9061,0.502
9062,0.516
9063,0.402
9064,0.38
9065,0.438
9066,0.534
9067,0.582
9068,0.444
9069,0.364
9070,0.46
9071,0.44
9072,0.382
9073,0.434
9074,0.618
9075,0.516
9076,0.602
9077,0.374
9078,0.592
9079,0.44
9080,0.384
9081,0.534
9082,0.492
9083,0.444
9084,0.37
9085,0.28
9086,0.606
9087,0.438
9088,0.474
9089,0.456
9090,0.488
9091,0.552
9092,0.598
9093,0.534
9094,0.596
9095,0.344
9096,0.574
9097,0.634
9098,0.412
9099,0.514
9100,0.69
9101,0.568
9102,0.52
9103,0.752
9104,0.424
9105,0.422
9106,0.49
9107,0.574
9108,0.46
9109,0.382
9110,0.322
9111,0.456
9112,0.312
9113,0.378
9114,0.754
9115,0.494
9116,0.582
9117,0.454
9118,0.386
9119,0.364
9120,0.436
9121,0.358
9122,0.468
9123,0.476
9124,0.47
9125,0.586
9126,0.256
9127,0.41
9128,0.484
9129,0.448
9130,0.424
9131,0.338
9132,0.396
9133,0.542
9134,0.464
9135,0.542
9136,0.42
9137,0.346
9138,0.56
9139,0.528
9140,0.708
9141,0.444
9142,0.532
9143,0.682
9144,0.858
9145,0.546
9146,0.406
9147,0.7
9148,0.476
9149,0.872
9150,0.406
9151,0.48
9152,0.462
9153,0.43
9154,0.566
9155,0.376
9156,0.536
9157,0.504
9158,0.652
9159,0.388
9160,0.434
9161,0.616
9162,0.56
9163,0.542
9164,0.58
9165,0.432
9166,0.474
9167,0.61
9168,0.676
9169,0.62
9170,0.35
9171,0.482
9172,0.298
9173,0.356
9174,0.408
9175,0.446
9176,0.534
9177,0.352
9178,0.944
9179,0.582
9180,0.61
9181,0.46
9182,0.564
9183,0.618
9184,0.346
9185,0.658
9186,0.452
9187,0.442
9188,0.342
9189,0.448
9190,0.506
9191,0.49
9192,0.426
9193,0.48
9194,0.416
9195,0.448
9196,0.424
9197,0.482
9198,0.506
9199,0.346
9200,0.45
9201,0.388
9202,0.358
9203,0.36
9204,0.404
9205,0.336
9206,0.566
9207,0.65
9208,0.48
9209,0.584
9210,0.42
9211,0.502
9212,0.274
9213,0.422
9214,0.548
9215,0.384
9216,0.484
9217,0.44
9218,0.492
9219,0.304
9220,0.446
9221,0.482
9222,0.526
9223,0.46
9224,0.448
9225,0.428
9226,0.492
9227,0.544
9228,0.4
9229,0.454
9230,0.614
9231,0.422
9232,0.52
9233,0.602
9234,0.552
9235,0.434
9236,0.622
9237,0.284
9238,0.422
9239,0.51
9240,0.354
9241,0.422
9242,0.494
9243,0.432
9244,0.372
9245,0.484
9246,0.638
9247,0.526
9248,0.514
9249,0.33
9250,0.566
9251,0.362
9252,0.612
9253,0.426
9254,0.318
9255,0.458
9256,0.362
9257,0.494
9258,0.538
9259,0.446
9260,0.46
9261,0.554
9262,0.478
9263,0.53
9264,0.304
9265,0.524
9266,0.396
9267,0.438
9268,0.468
9269,0.548
9270,0.468
9271,0.302
9272,0.35
9273,0.378
9274,0.292
9275,0.482
9276,0.474
9277,0.518
9278,0.5
9279,0.37
9280,0.33
9281,0.694
9282,0.36
9283,0.326
9284,0.43
9285,0.504
9286,0.546
9287,0.478
9288,0.446
9289,0.622
9290,0.634
9291,0.456
9292,0.372
9293,0.332
9294,0.542
9295,0.25
9296,0.62
9297,0.42
9298,0.358
9299,0.366
9300,0.466
9301,0.294
9302,0.232
9303,0.438
9304,0.52
9305,0.454
9306,0.37
9307,0.484
9308,0.466
9309,0.364
9310,0.384
9311,0.304
9312,0.466
9313,0.504
9314,0.348
9315,0.608
9316,0.542
9317,0.446
9318,0.546
9319,0.484
9320,0.31
9321,0.39
9322,0.298
9323,0.556
9324,0.508
9325,0.382
9326,0.508
9327,0.47
9328,0.436
9329,0.464
9330,0.512
9331,0.68
9332,0.422
9333,0.508
9334,0.394
9335,0.46
9336,0.496
9337,0.554
9338,0.55
9339,0.378
9340,0.392
9341,0.38
9342,0.394
9343,0.412
9344,0.276
9345,0.4
9346,0.282
9347,0.364
9348,0.372
9349,0.312
9350,0.478
9351,0.304
9352,0.594
9353,0.574
9354,0.388
9355,0.59
9356,0.684
9357,0.416
9358,0.384
9359,0.476
9360,0.392
9361,0.532
9362,0.676
9363,0.452
9364,0.484
9365,0.54
9366,0.516
9367,0.462
9368,0.532
9369,0.53
9370,0.452
9371,0.452
9372,0.428
9373,0.5
9374,0.322
9375,0.402
9376,0.434
9377,0.402
9378,0.574
9379,0.508
9380,0.406
9381,0.342
9382,0.406
9383,0.314
9384,0.484
9385,0.316
9386,0.3
9387,0.69
9388,0.338
9389,0.472
9390,0.342
9391,0.396
9392,0.4
9393,0.42
9394,0.556
9395,0.354
9396,0.46
9397,0.634
9398,0.518
9399,0.554
9400,0.57
9401,0.574
9402,0.608
9403,0.6
9404,0.698
9405,0.276
9406,0.524
9407,0.492
9408,0.65
9409,0.546
9410,0.594
9411,0.488
9412,0.54
9413,0.364
9414,0.69
9415,0.62
9416,0.47
9417,0.46
9418,0.542
9419,0.546
9420,0.504
9421,0.532
9422,0.786
9423,0.628
9424,0.7
9425,0.604
9426,0.628
9427,0.438
9428,0.408
9429,0.618
9430,0.474
9431,0.458
9432,0.474
9433,0.528
9434,0.544
9435,0.814
9436,0.4
9437,0.472
9438,0.644
9439,0.686
9440,0.5
9441,0.296
9442,0.56
9443,0.574
9444,0.642
9445,0.428
9446,0.482
9447,0.298
9448,0.402
9449,0.49
9450,0.504
9451,0.65
9452,0.512
9453,0.496
9454,0.43
9455,0.48
9456,0.516
9457,0.592
9458,0.478
9459,0.386
9460,0.496
9461,0.456
9462,0.448
9463,0.512
9464,0.412
9465,0.49
9466,0.542
9467,0.418
9468,0.364
9469,0.534
9470,0.652
9471,0.552
9472,0.316
9473,0.34
9474,0.342
9475,0.414
9476,0.444
9477,0.37
9478,0.434
9479,0.462
9480,0.372
9481,0.56
9482,0.346
9483,0.416
9484,0.53
9485,0.5
9486,0.292
9487,0.32
9488,0.454
9489,0.472
9490,0.506
9491,0.204
9492,0.26
9493,0.35
9494,0.392
9495,0.448
9496,0.36
9497,0.556
9498,0.344
9499,0.572
9500,0.51
9501,0.41
9502,0.292
9503,0.414
9504,0.372
9505,0.536
9506,0.488
9507,0.356
9508,0.444
9509,0.344
9510,0.336
9511,0.29
9512,0.452
9513,0.358
9514,0.492
9515,0.422
9516,0.454
9517,0.524
9518,0.354
9519,0.444
9520,0.284
9521,0.27
9522,0.422
9523,0.394
9524,0.452
9525,0.47
9526,0.466
9527,0.486
9528,0.492
9529,0.618
9530,0.67
9531,0.382
9532,0.396
9533,0.416
9534,0.646
9535,0.432
9536,0.346
9537,0.302
9538,0.494
9539,0.36
9540,0.548
9541,0.484
9542,0.598
9543,0.544
9544,0.366
9545,0.386
9546,0.562
9547,0.384
9548,0.468
9549,0.52
9550,0.41
9551,0.434
9552,0.478
9553,0.442
9554,0.284
9555,0.294
9556,0.326
9557,0.6
9558,0.72
9559,0.554
9560,0.346
9561,0.426
9562,0.308
9563,0.468
9564,0.418
9565,0.334
9566,0.55
9567,0.342
9568,0.386
9569,0.368
9570,0.476
9571,0.694
9572,0.47
9573,0.588
9574,0.346
9575,0.518
9576,0.566
9577,0.616
9578,0.352
9579,0.462
9580,0.446
9581,0.45
9582,0.426
9583,0.356
9584,0.384
9585,0.514
9586,0.554
9587,0.586
9588,0.386
9589,0.39
9590,0.544
9591,0.44
9592,0.562
9593,0.274
9594,0.466
9595,0.43
9596,0.318
9597,0.656
9598,0.498
9599,0.54
9600,0.406
9601,0.58
9602,0.3
9603,0.384
9604,0.542
9605,0.446
9606,0.396
9607,0.57
9608,0.43
9609,0.562
9610,0.672
9611,0.382
9612,0.532
9613,0.58
9614,0.288
9615,0.394
9616,0.46
9617,0.318
9618,0.598
9619,0.45
9620,0.574
9621,0.39
9622,0.4
9623,0.482
9624,0.266
9625,0.644
9626,0.466
9627,0.41
9628,0.652
9629,0.458
9630,0.464
9631,0.31
9632,0.654
9633,0.9
9634,0.73
9635,0.49
9636,0.564
9637,0.73
9638,0.482
9639,0.382
9640,0.616
9641,0.654
9642,0.382
9643,0.49
9644,0.416
9645,0.41
9646,0.394
9647,0.47
9648,0.442
9649,0.7
9650,0.648
9651,0.424
9652,0.604
9653,0.356
9654,0.63
9655,0.46
9656,0.746
9657,0.406
9658,0.44
9659,0.516
9660,0.626
9661,0.554
9662,0.484
9663,0.374
9664,0.89
9665,0.758
9666,0.54
9667,0.622
9668,0.422
9669,0.472
9670,0.6
9671,0.452
9672,0.28
9673,0.486
9674,0.642
9675,0.5
9676,0.616
9677,0.428
9678,0.446
9679,0.672
9680,0.646
9681,0.606
9682,0.534
9683,0.548
9684,0.484
9685,0.278
9686,0.628
9687,0.686
9688,0.62
9689,0.318
9690,0.36
9691,0.622
9692,0.594
9693,0.442
9694,0.604
9695,0.25
9696,0.432
9697,0.706
9698,0.492
9699,0.596
9700,0.316
9701,0.47
9702,0.442
9703,0.488
9704,0.62
9705,0.384
9706,0.376
9707,0.362
9708,0.438
9709,0.484
9710,0.504
9711,0.428
9712,0.572
9713,0.344
9714,0.442
9715,0.42
9716,0.636
9717,0.314
9718,0.544
9719,0.364
9720,0.462
9721,0.35
9722,0.5
9723,0.446
9724,0.306
9725,0.354
9726,0.424
9727,0.506
9728,0.422
9729,0.456
9730,0.404
9731,0.384
9732,0.45
9733,0.418
9734,0.548
9735,0.452
9736,0.608
9737,0.442
9738,0.484
9739,0.406
9740,0.44
9741,0.398
9742,0.33
9743,0.37
9744,0.482
9745,0.582
9746,0.344
9747,0.336
9748,0.43
9749,0.362
9750,0.558
9751,0.482
9752,0.314
9753,0.366
9754,0.404
9755,0.378
9756,0.474
9757,0.394
9758,0.55
9759,0.494
9760,0.404
9761,0.568
9762,0.404
9763,0.374
9764,0.514
9765,0.296
9766,0.39
9767,0.358
9768,0.42
9769,0.586
9770,0.416
9771,0.48
9772,0.402
9773,0.45
9774,0.584
9775,0.448
9776,0.362
9777,0.488
9778,0.36
9779,0.414
9780,0.51
9781,0.586
9782,0.332
9783,0.336
9784,0.396
9785,0.598
9786,0.178
9787,0.424
9788,0.272
9789,0.36
9790,0.354
9791,0.44
9792,0.406
9793,0.434
9794,0.362
9795,0.296
9796,0.434
9797,0.318
9798,0.396
9799,0.596
9800,0.494
9801,0.436
9802,0.46
9803,0.662
9804,0.482
9805,0.4
9806,0.304
9807,0.494
9808,0.412
9809,0.588
9810,0.428
9811,0.656
9812,0.452
9813,0.356
9814,0.364
9815,0.414
9816,0.426
9817,0.458
9818,0.672
9819,0.384
9820,0.416
9821,0.434
9822,0.304
9823,0.42
9824,0.632
9825,0.408
9826,0.42
9827,0.4
9828,0.438
9829,0.422
9830,0.68
9831,0.318
9832,0.332
9833,0.358
9834,0.656
9835,0.44
9836,0.516
9837,0.342
9838,0.446
9839,0.488
9840,0.504
9841,0.352
9842,0.656
9843,0.468
9844,0.5
9845,0.406
9846,0.356
9847,0.49
9848,0.322
9849,0.436
9850,0.546
9851,0.41
9852,0.336
9853,0.6
9854,0.584
9855,0.442
9856,0.522
9857,0.432
9858,0.554
9859,0.43
9860,0.456
9861,0.408
9862,0.42
9863,0.514
9864,0.418
9865,0.442
9866,0.522
9867,0.518
9868,0.54
9869,0.418
9870,0.502
9871,0.36
9872,0.51
9873,0.232
9874,0.43
9875,0.474
9876,0.414
9877,0.522
9878,0.368
9879,0.534
9880,0.542
9881,0.546
9882,0.46
9883,0.584
9884,0.376
9885,0.528
9886,0.41
9887,0.256
9888,0.698
9889,0.48
9890,0.544
9891,0.45
9892,0.62
9893,0.422
9894,0.51
9895,0.346
9896,0.268
9897,0.486
9898,0.52
9899,0.426
9900,0.506
9901,0.482
9902,0.442
9903,0.246
9904,0.424
9905,0.458
9906,0.456
9907,0.528
9908,0.546
9909,0.574
9910,0.274
9911,0.428
9912,0.382
9913,0.496
9914,0.49
9915,0.664
9916,0.572
9917,0.206
9918,0.648
9919,0.668
9920,0.53
9921,0.36
9922,0.416
9923,0.58
9924,0.578
9925,0.368
9926,0.488
9927,0.408
9928,0.53
9929,0.62
9930,0.594
9931,0.65
9932,0.674
9933,0.532
9934,0.644
9935,0.38
9936,0.534
9937,0.582
9938,0.354
9939,0.542
9940,0.538
9941,0.502
9942,0.6
9943,0.546
9944,0.44
9945,0.568
9946,0.726
9947,0.602
9948,0.496
9949,0.638
9950,0.546
9951,0.59
9952,0.442
9953,0.46
9954,0.558
9955,0.318
9956,0.606
9957,0.482
9958,0.646
9959,0.662
9960,0.436
9961,0.476
9962,0.594
9963,0.416
9964,0.506
9965,0.658
9966,0.48
9967,0.568
9968,0.394
9969,0.304
9970,0.328
9971,0.406
9972,0.404
9973,0.436
9974,0.492
9975,0.488
9976,0.374
9977,0.334
9978,0.25
9979,0.472
9980,0.384
9981,0.438
9982,0.4
9983,0.446
9984,0.526
9985,0.574
9986,0.554
9987,0.504
9988,0.462
9989,0.366
9990,0.454
9991,0.428
9992,0.368
9993,0.512
9994,0.562
9995,0.396
9996,0.436
9997,0.442
9998,0.474
9999,0.528
10000,0.37
10001,0.588
10002,0.488
10003,0.446
10004,0.478
10005,0.344
10006,0.566
10007,0.542
10008,0.496
10009,0.492
10010,0.422
10011,0.43
10012,0.47
10013,0.496
10014,0.534
10015,0.372
10016,0.58
10017,0.384
10018,0.438
10019,0.668
10020,0.53
10021,0.468
10022,0.516
10023,0.464
10024,0.418
10025,0.58
10026,0.42
10027,0.46
10028,0.486
10029,0.588
10030,0.344
10031,0.276
10032,0.38
10033,0.358
10034,0.442
10035,0.468
10036,0.766
10037,0.466
10038,0.574
10039,0.498
10040,0.392
10041,0.428
10042,0.34
10043,0.404
10044,0.472
10045,0.564
10046,0.292
10047,0.504
10048,0.41
10049,0.544
10050,0.568
10051,0.314
10052,0.516
10053,0.22
10054,0.5
10055,0.364
10056,0.578
10057,0.52
10058,0.16
10059,0.362
10060,0.5
10061,0.46
10062,0.448
10063,0.456
10064,0.628
10065,0.364
10066,0.38
10067,0.424
10068,0.544
10069,0.602
10070,0.478
10071,0.402
10072,0.486
10073,0.372
10074,0.338
10075,0.318
10076,0.504
10077,0.48
10078,0.458
10079,0.504
10080,0.638
10081,0.55
10082,0.408
10083,0.492
10084,0.378
10085,0.602
10086,0.482
10087,0.364
10088,0.394
10089,0.61
10090,0.36
10091,0.452
10092,0.516
10093,0.39
10094,0.392
10095,0.636
10096,0.428
10097,0.286
10098,0.45
10099,0.432
10100,0.44
10101,0.394
10102,0.392
10103,0.394
10104,0.364
10105,0.46
10106,0.604
10107,0.414
10108,0.398
10109,0.46
10110,0.598
10111,0.58
10112,0.48
10113,0.482
10114,0.514
10115,0.394
10116,0.442
10117,0.326
10118,0.37
10119,0.234
10120,0.534
10121,0.342
10122,0.392
10123,0.462
10124,0.552
10125,0.44
10126,0.332
10127,0.46
10128,0.394
10129,0.408
10130,0.55
10131,0.556
10132,0.474
10133,0.464
10134,0.266
10135,0.428
10136,0.566
10137,0.334
10138,0.47
10139,0.452
10140,0.382
10141,0.53
10142,0.376
10143,0.566
10144,0.466
10145,0.372
10146,0.454
10147,0.384
10148,0.364
10149,0.43
10150,0.42
10151,0.574
10152,0.52
10153,0.458
10154,0.61
10155,0.444
10156,0.574
10157,0.464
10158,0.606
10159,0.492
10160,0.412
10161,0.536
10162,0.404
10163,0.4
10164,0.378
10165,0.498
10166,0.546
10167,0.43
10168,0.438
10169,0.376
10170,0.514
10171,0.412
10172,0.41
10173,0.632
10174,0.238
10175,0.386
10176,0.324
10177,0.41
10178,0.39
10179,0.604
10180,0.532
10181,0.536
10182,0.348
10183,0.454
10184,0.584
10185,0.49
10186,0.522
10187,0.524
10188,0.67
10189,0.644
10190,0.578
10191,0.324
10192,0.406
10193,0.564
10194,0.652
10195,0.616
10196,0.482
10197,0.444
10198,0.638
10199,0.564
10200,0.512
10201,0.562
10202,0.398
10203,0.422
10204,0.498
10205,0.568
10206,0.482
10207,0.654
10208,0.736
10209,0.632
10210,0.616
10211,0.622
10212,0.226
10213,0.478
10214,0.576
10215,0.464
10216,0.518
10217,0.512
10218,0.47
10219,0.546
10220,0.534
10221,0.416
10222,0.554
10223,0.49
10224,0.484
10225,0.644
10226,0.522
10227,0.466
10228,0.384
10229,0.674
10230,0.322
10231,0.45
10232,0.344
10233,0.402
10234,0.332
10235,0.476
10236,0.466
10237,0.462
10238,0.22
10239,0.512
10240,0.386
10241,0.344
10242,0.516
10243,0.514
10244,0.356
10245,0.598
10246,0.446
10247,0.482
10248,0.434
10249,0.5
10250,0.372
10251,0.422
10252,0.498
10253,0.412
10254,0.46
10255,0.414
10256,0.522
10257,0.494
10258,0.45
10259,0.486
10260,0.43
10261,0.538
10262,0.314
10263,0.528
10264,0.454
10265,0.408
10266,0.574
10267,0.462
10268,0.448
10269,0.41
10270,0.408
10271,0.398
10272,0.47
10273,0.488
10274,0.386
10275,0.338
10276,0.356
10277,0.56
10278,0.472
10279,0.55
10280,0.378
10281,0.616
10282,0.566
10283,0.498
10284,0.422
10285,0.32
10286,0.582
10287,0.378
10288,0.452
10289,0.532
10290,0.402
10291,0.548
10292,0.394
10293,0.344
10294,0.516
10295,0.474
10296,0.572
10297,0.498
10298,0.388
10299,0.568
10300,0.466
10301,0.39
10302,0.426
10303,0.382
10304,0.46
10305,0.486
10306,0.526
10307,0.338
10308,0.326
10309,0.496
10310,0.446
10311,0.464
10312,0.244
10313,0.526
10314,0.448
10315,0.314
10316,0.408
10317,0.474
10318,0.64
10319,0.46
10320,0.558
10321,0.576
10322,0.412
10323,0.472
10324,0.57
10325,0.366
10326,0.504
10327,0.274
10328,0.25
10329,0.34
10330,0.326
10331,0.4
10332,0.44
10333,0.27
10334,0.346
10335,0.392
10336,0.412
10337,0.362
10338,0.51
10339,0.616
10340,0.422
10341,0.426
10342,0.418
10343,0.382
10344,0.482
10345,0.432
10346,0.596
10347,0.464
10348,0.658
10349,0.35
10350,0.374
10351,0.608
10352,0.438
10353,0.424
10354,0.46
10355,0.46
10356,0.34
10357,0.636
10358,0.394
10359,0.406
10360,0.34
10361,0.55
10362,0.452
10363,0.586
10364,0.334
10365,0.404
10366,0.518
10367,0.396
10368,0.586
10369,0.334
10370,0.406
10371,0.528
10372,0.37
10373,0.51
10374,0.262
10375,0.34
10376,0.562
10377,0.436
10378,0.508
10379,0.336
10380,0.33
10381,0.424
10382,0.488
10383,0.538
10384,0.444
10385,0.476
10386,0.478
10387,0.422
10388,0.312
10389,0.572
10390,0.322
10391,0.358
10392,0.346
10393,0.474
10394,0.446
10395,0.482
10396,0.342
10397,0.414
10398,0.59
10399,0.364
10400,0.394
10401,0.508
10402,0.378
10403,0.436
10404,0.488
10405,0.654
10406,0.442
10407,0.514
10408,0.446
10409,0.456
10410,0.546
10411,0.504
10412,0.38
10413,0.294
10414,0.594
10415,0.472
10416,0.438
10417,0.44
10418,0.754
10419,0.604
10420,0.5
10421,0.39
10422,0.504
10423,0.666
10424,0.516
10425,0.558
10426,0.524
10427,0.468
10428,0.522
10429,0.496
10430,0.412
10431,0.438
10432,0.482
10433,0.524
10434,0.292
10435,0.432
10436,0.37
10437,0.54
10438,0.256
10439,0.292
10440,0.534
10441,0.424
10442,0.476
10443,0.426
10444,0.604
10445,0.39
10446,0.5
10447,0.36
10448,0.46
10449,0.38
10450,0.616
10451,0.536
10452,0.586
10453,0.554
10454,0.576
10455,0.438
10456,0.684
10457,0.69
10458,0.486
10459,0.608
10460,0.628
10461,0.554
10462,0.578
10463,0.454
10464,0.436
10465,0.714
10466,0.492
10467,0.488
10468,0.572
10469,0.554
10470,0.714
10471,0.668
10472,0.474
10473,0.59
10474,0.588
10475,0.682
10476,0.626
10477,0.522
10478,0.636
10479,0.636
10480,0.522
10481,0.474
10482,0.558
10483,0.62
10484,0.59
10485,0.702
10486,0.52
10487,0.704
10488,0.602
10489,0.512
10490,0.486
10491,0.452
10492,0.376
10493,0.264
10494,0.418
10495,0.334
10496,0.44
10497,0.362
10498,0.374
10499,0.62
10500,0.572
10501,0.398
10502,0.392
10503,0.528
10504,0.424
10505,0.624
10506,0.44
10507,0.46
10508,0.462
10509,0.414
10510,0.368
10511,0.506
10512,0.396
10513,0.336
10514,0.426
10515,0.34
10516,0.466
10517,0.498
10518,0.692
10519,0.53
10520,0.408
10521,0.388
10522,0.464
10523,0.47
10524,0.462
10525,0.476
10526,0.292
10527,0.312
10528,0.436
10529,0.476
10530,0.152
10531,0.476
10532,0.484
10533,0.448
10534,0.402
10535,0.572
10536,0.51
10537,0.404
10538,0.46
10539,0.446
10540,0.434
10541,0.412
10542,0.342
10543,0.498
10544,0.396
10545,0.474
10546,0.506
10547,0.506
10548,0.526
10549,0.474
10550,0.5
10551,0.444
10552,0.568
10553,0.448
10554,0.626
10555,0.552
10556,0.448
10557,0.472
10558,0.566
10559,0.502
10560,0.34
10561,0.454
10562,0.322
10563,0.45
10564,0.51
10565,0.466
10566,0.376
10567,0.258
10568,0.412
10569,0.376
10570,0.386
10571,0.468
10572,0.278
10573,0.238
10574,0.276
10575,0.25
10576,0.24
10577,0.426
10578,0.284
10579,0.374
10580,0.364
10581,0.482
10582,0.596
10583,0.548
10584,0.438
10585,0.468
10586,0.47
10587,0.49
10588,0.446
10589,0.34
10590,0.434
10591,0.554
10592,0.376
10593,0.396
10594,0.338
10595,0.284
10596,0.436
10597,0.52
10598,0.396
10599,0.352
10600,0.358
10601,0.432
10602,0.548
10603,0.344
10604,0.388
10605,0.31
10606,0.518
10607,0.396
10608,0.522
10609,0.426
10610,0.492
10611,0.508
10612,0.464
10613,0.652
10614,0.464
10615,0.342
10616,0.324
10617,0.466
10618,0.426
10619,0.51
10620,0.468
10621,0.512
10622,0.444
10623,0.348
10624,0.636
10625,0.558
10626,0.342
10627,0.41
10628,0.416
10629,0.544
10630,0.416
10631,0.254
10632,0.436
10633,0.318
10634,0.366
10635,0.424
10636,0.364
10637,0.554
10638,0.59
10639,0.414
10640,0.412
10641,0.336
10642,0.34
10643,0.458
10644,0.52
10645,0.448
10646,0.412
10647,0.386
10648,0.302
10649,0.27
10650,0.39
10651,0.54
10652,0.326
10653,0.454
10654,0.41
10655,0.398
10656,0.474
10657,0.626
10658,0.526
10659,0.458
10660,0.472
10661,0.482
10662,0.408
10663,0.48
10664,0.466
10665,0.454
10666,0.436
10667,0.458
10668,0.36
10669,0.386
10670,0.54
10671,0.438
10672,0.582
10673,0.5
10674,0.504
10675,0.426
10676,0.4
10677,0.436
10678,0.43
10679,0.438
10680,0.44
10681,0.442
10682,0.458
10683,0.54
10684,0.448
10685,0.324
10686,0.448
10687,0.532
10688,0.45
10689,0.484
10690,0.522
10691,0.472
10692,0.372
10693,0.458
10694,0.398
10695,0.428
10696,0.444
10697,0.454
10698,0.406
10699,0.48
10700,0.542
10701,0.63
10702,0.598
10703,0.428
10704,0.458
10705,0.592
10706,0.484
10707,0.478
10708,0.67
10709,0.356
10710,0.454
10711,0.654
10712,0.566
10713,0.322
10714,0.67
10715,0.522
10716,0.578
10717,0.772
10718,0.614
10719,0.502
10720,0.69
10721,0.508
10722,0.592
10723,0.74
10724,0.648
10725,0.628
10726,0.574
10727,0.572
10728,0.694
10729,0.526
10730,0.44
10731,0.568
10732,0.51
10733,0.44
10734,0.672
10735,0.48
10736,0.502
10737,0.392
10738,0.58
10739,0.592
10740,0.576
10741,0.782
10742,0.598
10743,0.612
10744,0.584
10745,0.676
10746,0.606
10747,0.716
10748,0.51
10749,0.364
10750,0.81
10751,0.606
10752,0.566
10753,0.658
10754,0.512
10755,0.396
10756,0.418
10757,0.75
10758,0.528
10759,0.49
10760,0.318
10761,0.562
10762,0.438
10763,0.36
10764,0.58
10765,0.626
10766,0.638
10767,0.49
10768,0.72
10769,0.478
10770,0.574
10771,0.646
10772,0.47
10773,0.664
10774,0.666
10775,0.598
10776,0.738
10777,0.646
10778,0.446
10779,0.366
10780,0.516
10781,0.662
10782,0.668
10783,0.688
10784,0.456
10785,0.746
10786,0.656
10787,0.554
10788,0.966
10789,0.518
10790,0.786
10791,0.568
10792,0.46
10793,0.666
10794,0.496
10795,0.422
10796,0.454
10797,0.678
10798,0.598
10799,0.448
10800,0.528
10801,0.406
10802,0.488
10803,0.512
10804,0.468
10805,0.342
10806,0.248
10807,0.526
10808,0.482
10809,0.624
10810,0.562
10811,0.486
10812,0.454
10813,0.362
10814,0.576
10815,0.376
10816,0.508
10817,0.428
10818,0.404
10819,0.606
10820,0.45
10821,0.404
10822,0.386
10823,0.486
10824,0.39
10825,0.582
10826,0.53
10827,0.398
10828,0.422
10829,0.458
10830,0.544
10831,0.384
10832,0.476
10833,0.476
10834,0.494
10835,0.418
10836,0.45
10837,0.516
10838,0.322
10839,0.362
10840,0.522
10841,0.244
10842,0.45
10843,0.272
10844,0.346
10845,0.49
10846,0.512
10847,0.33
10848,0.406
10849,0.368
10850,0.424
10851,0.494
10852,0.404
10853,0.49
10854,0.526
10855,0.476
10856,0.316
10857,0.364
10858,0.528
10859,0.366
10860,0.584
10861,0.584
10862,0.35
10863,0.508
10864,0.472
10865,0.654
10866,0.396
10867,0.382
10868,0.444
10869,0.39
10870,0.638
10871,0.208
10872,0.382
10873,0.506
10874,0.264
10875,0.318
10876,0.536
10877,0.348
10878,0.408
10879,0.4
10880,0.462
10881,0.444
10882,0.374
10883,0.552
10884,0.478
10885,0.638
10886,0.538
10887,0.426
10888,0.384
10889,0.448
10890,0.414
10891,0.654
10892,0.31
10893,0.388
10894,0.508
10895,0.666
10896,0.47
10897,0.34
10898,0.494
10899,0.394
10900,0.654
10901,0.522
10902,0.354
10903,0.574
10904,0.51
10905,0.466
10906,0.502
10907,0.514
10908,0.556
10909,0.326
10910,0.416
10911,0.526
10912,0.354
10913,0.564
10914,0.2
10915,0.482
10916,0.294
10917,0.55
10918,0.492
10919,0.632
10920,0.646
10921,0.532
10922,0.43
10923,0.522
10924,0.674
10925,0.696
10926,0.406
10927,0.654
10928,0.724
10929,0.636
10930,0.536
10931,0.632
10932,0.322
10933,0.47
10934,0.62
10935,0.406
10936,0.556
10937,0.37
10938,0.514
10939,0.6
10940,0.566
10941,0.7
10942,0.57
10943,0.632
10944,0.342
10945,0.39
10946,0.548
10947,0.334
10948,0.508
10949,0.374
10950,0.852
10951,0.568
10952,0.566
10953,0.53
10954,0.58
10955,0.384
10956,0.366
10957,0.62
10958,0.454
10959,0.544
10960,0.306
10961,0.594
10962,0.436
10963,0.544
10964,0.572
10965,0.394
10966,0.602
10967,0.408
10968,0.43
10969,0.644
10970,0.422
10971,0.512
10972,0.418
10973,0.498
10974,0.436
10975,0.564
10976,0.54
10977,0.614
10978,0.536
10979,0.682
10980,0.494
10981,0.63
10982,0.6
10983,0.438
10984,0.614
10985,0.518
10986,0.452
10987,0.54
10988,0.568
10989,0.75
10990,0.558
10991,0.628
10992,0.594
10993,0.548
10994,0.598
10995,0.65
10996,0.456
10997,0.566
10998,0.692
10999,0.75
